date,borewell_litres,bwssb_litres,tanker_litres,tanker_market_price,tanker_ref_price,occupancy_percent,rainfall_mm,special_event,bwssb_supply_index
2023-01-01,32882,29083,18673,0.156,0.14,92.6,3.0,0,1.0
2023-01-02,32873,28966,21800,0.153,0.14,96.0,2.6,0,1.0
2023-01-03,28827,26301,20872,0.153,0.14,87.3,2.5,0,1.0
2023-01-04,30956,26486,21616,0.153,0.14,90.8,1.1,0,1.0
2023-01-05,30406,27107,19764,0.152,0.14,88.7,2.1,0,1.0
2023-01-06,33681,28845,20948,0.153,0.14,95.8,0.8,0,1.0
2023-01-07,32066,26714,19455,0.157,0.14,89.8,2.0,0,1.0
2023-01-08,33868,29960,20289,0.157,0.14,96.6,7.6,0,1.0
2023-01-09,30662,27670,21880,0.153,0.14,92.1,1.8,0,1.0
2023-01-10,30411,27618,20668,0.152,0.14,90.4,0.0,0,1.0
2023-01-11,34061,29447,19089,0.151,0.14,94.8,0.6,0,1.0
2023-01-12,30311,28390,20668,0.152,0.14,91.1,1.6,0,1.0
2023-01-13,31909,27995,17969,0.151,0.14,89.4,0.0,0,1.0
2023-01-14,33264,28730,18807,0.156,0.14,92.8,0.0,0,1.0
2023-01-15,31360,30270,23457,0.159,0.14,97.7,1.9,1,1.0
2023-01-16,34397,29314,20012,0.152,0.14,96.1,0.0,0,1.0
2023-01-17,31085,27596,20963,0.153,0.14,91.4,5.0,0,1.0
2023-01-18,33869,29594,20562,0.152,0.14,96.5,3.0,0,1.0
2023-01-19,32708,29044,21778,0.153,0.14,95.9,2.2,0,1.0
2023-01-20,29538,28277,22421,0.153,0.14,92.1,4.5,0,1.0
2023-01-21,31408,27839,19655,0.157,0.14,90.6,1.3,0,1.0
2023-01-22,33848,28642,22177,0.158,0.14,97.2,0.1,0,1.0
2023-01-23,34637,30667,21791,0.153,0.14,100.0,2.1,0,1.0
2023-01-24,33137,27691,20151,0.152,0.14,93.0,2.7,0,1.0
2023-01-25,32773,26746,19103,0.151,0.14,90.3,3.6,0,1.0
2023-01-26,31999,28945,20256,0.152,0.14,93.2,0.2,0,1.0
2023-01-27,30391,27927,21365,0.153,0.14,91.5,2.2,0,1.0
2023-01-28,32029,27424,19155,0.156,0.14,90.3,3.1,0,1.0
2023-01-29,32845,27364,19947,0.157,0.14,92.0,0.4,0,1.0
2023-01-30,34499,30358,22238,0.153,0.14,100.0,4.7,0,1.0
2023-01-31,31984,28297,22760,0.154,0.14,95.3,2.5,0,1.0
2023-02-01,33900,29962,20317,0.152,0.14,96.7,3.2,1,1.0
2023-02-02,33425,27959,17749,0.151,0.14,90.9,2.6,0,1.0
2023-02-03,30694,26855,20955,0.153,0.14,90.1,3.5,0,1.0
2023-02-04,33641,29817,18620,0.156,0.14,94.2,3.9,1,1.0
2023-02-05,32426,27511,19045,0.156,0.14,90.7,0.0,0,1.0
2023-02-06,33649,31293,19854,0.152,0.14,97.4,2.0,0,1.0
2023-02-07,33463,29163,20926,0.153,0.14,95.9,0.1,0,1.0
2023-02-08,33616,28960,20288,0.152,0.14,95.1,1.6,0,1.0
2023-02-09,34253,28861,19914,0.152,0.14,95.3,1.1,0,1.0
2023-02-10,31259,27420,19064,0.151,0.14,89.3,2.4,0,1.0
2023-02-11,32555,27638,18692,0.156,0.14,90.6,2.5,0,1.0
2023-02-12,32116,28763,22872,0.159,0.14,96.2,4.2,0,1.0
2023-02-13,32692,29083,19896,0.152,0.14,93.8,2.6,0,1.0
2023-02-14,34548,29771,19647,0.152,0.14,96.4,3.1,0,1.0
2023-02-15,30984,26515,19578,0.152,0.14,88.5,0.0,1,1.0
2023-02-16,31075,25783,19262,0.152,0.14,87.4,6.6,1,1.0
2023-02-17,33550,28115,18458,0.151,0.14,92.0,0.2,0,1.0
2023-02-18,32670,28175,20718,0.157,0.14,93.6,0.5,0,1.0
2023-02-19,33281,29365,20518,0.157,0.14,95.5,4.7,0,1.0
2023-02-20,32499,29062,21665,0.153,0.14,95.6,0.7,1,1.0
2023-02-21,33794,29679,21867,0.153,0.14,98.0,0.5,0,1.0
2023-02-22,31581,29247,21228,0.153,0.14,94.2,5.5,0,1.0
2023-02-23,32767,30961,21586,0.153,0.14,98.0,2.8,0,1.0
2023-02-24,32081,28132,18936,0.151,0.14,90.9,4.5,0,1.0
2023-02-25,30204,27439,20919,0.158,0.14,90.2,2.0,0,1.0
2023-02-26,30497,27112,19653,0.157,0.14,88.7,5.3,0,1.0
2023-02-27,35261,31038,20796,0.152,0.14,100.0,2.1,0,1.0
2023-02-28,31839,27586,20005,0.152,0.14,91.2,2.4,0,1.0
2023-03-01,32784,33844,26151,0.156,0.14,96.8,0.0,0,0.9
2023-03-02,32960,31381,26449,0.156,0.14,94.8,5.4,0,0.9
2023-03-03,31005,30499,26259,0.156,0.14,91.6,9.5,0,0.9
2023-03-04,33183,31890,24908,0.16,0.14,93.9,9.6,0,0.9
2023-03-05,29660,29726,27671,0.162,0.14,90.9,8.2,0,0.9
2023-03-06,31658,31662,25197,0.155,0.14,92.4,8.2,0,0.9
2023-03-07,32358,32033,25459,0.155,0.14,93.8,4.4,0,0.9
2023-03-08,32063,30792,25351,0.155,0.14,92.1,8.7,0,0.9
2023-03-09,31394,31968,28798,0.157,0.14,96.2,13.6,0,0.9
2023-03-10,33511,32383,25481,0.155,0.14,95.4,10.6,0,0.9
2023-03-11,30056,32280,26738,0.161,0.14,93.0,3.2,0,0.9
2023-03-12,32136,30513,25525,0.16,0.14,92.0,2.7,0,0.9
2023-03-13,32828,31937,24919,0.155,0.14,93.6,4.3,0,0.9
2023-03-14,29959,29642,25452,0.155,0.14,88.8,0.2,0,0.9
2023-03-15,33394,32761,27456,0.156,0.14,97.7,0.0,0,0.9
2023-03-16,31706,31283,23732,0.154,0.14,90.5,7.3,0,0.9
2023-03-17,30881,30613,25178,0.155,0.14,90.5,0.2,0,0.9
2023-03-18,32183,30715,26237,0.161,0.14,93.0,6.9,0,0.9
2023-03-19,32075,32768,25423,0.16,0.14,94.2,15.1,0,0.9
2023-03-20,34385,30862,24379,0.155,0.14,93.6,9.5,0,0.9
2023-03-21,31624,28742,24838,0.155,0.14,88.9,5.4,0,0.9
2023-03-22,34987,32690,26814,0.156,0.14,98.6,7.4,0,0.9
2023-03-23,34309,32584,26450,0.156,0.14,97.4,9.0,0,0.9
2023-03-24,29966,31544,26239,0.156,0.14,91.6,10.7,0,0.9
2023-03-25,29983,30898,29019,0.162,0.14,93.8,7.1,0,0.9
2023-03-26,31690,31621,25922,0.161,0.14,93.1,6.0,0,0.9
2023-03-27,33668,32701,24269,0.155,0.14,94.6,0.5,0,0.9
2023-03-28,32758,30502,23688,0.154,0.14,90.8,7.3,0,0.9
2023-03-29,34293,32452,25668,0.155,0.14,96.5,6.7,0,0.9
2023-03-30,32522,33008,27502,0.157,0.14,97.1,8.6,0,0.9
2023-03-31,34462,32548,26239,0.156,0.14,97.3,0.0,0,0.9
2023-04-01,33723,30396,25192,0.16,0.14,93.2,12.0,0,0.9
2023-04-02,32622,30921,27845,0.162,0.14,95.4,5.9,0,0.9
2023-04-03,30732,31511,26599,0.156,0.14,92.7,0.0,0,0.9
2023-04-04,33311,31491,25699,0.155,0.14,94.5,1.6,0,0.9
2023-04-05,32078,31189,27280,0.156,0.14,94.5,2.1,0,0.9
2023-04-06,31932,29577,27039,0.156,0.14,92.4,0.3,0,0.9
2023-04-07,32188,31261,26264,0.156,0.14,93.6,3.2,0,0.9
2023-04-08,32139,30987,27638,0.162,0.14,94.7,3.1,0,0.9
2023-04-09,35143,32397,25487,0.16,0.14,97.1,0.0,1,0.9
2023-04-10,31080,30776,24403,0.155,0.14,90.0,9.4,0,0.9
2023-04-11,29589,30346,26417,0.156,0.14,90.1,5.5,0,0.9
2023-04-12,31006,30729,27226,0.156,0.14,92.9,5.3,0,0.9
2023-04-13,32980,33021,25632,0.155,0.14,95.6,12.7,0,0.9
2023-04-14,32687,33224,26103,0.156,0.14,96.0,15.5,0,0.9
2023-04-15,31496,30931,22697,0.159,0.14,88.9,2.5,0,0.9
2023-04-16,31858,31163,26443,0.161,0.14,93.4,6.1,0,0.9
2023-04-17,31010,30164,26524,0.156,0.14,91.5,3.4,0,0.9
2023-04-18,33168,31819,26079,0.156,0.14,95.1,0.0,0,0.9
2023-04-19,33351,31320,26599,0.156,0.14,95.3,3.7,0,0.9
2023-04-20,34696,32314,26744,0.156,0.14,97.9,14.2,0,0.9
2023-04-21,28733,29397,25781,0.155,0.14,87.6,2.9,0,0.9
2023-04-22,31777,32158,27457,0.161,0.14,95.4,0.0,0,0.9
2023-04-23,31295,30992,26947,0.161,0.14,93.1,3.4,1,0.9
2023-04-24,33953,32442,24888,0.155,0.14,95.3,3.6,0,0.9
2023-04-25,31792,30259,24757,0.155,0.14,90.6,0.0,0,0.9
2023-04-26,32639,32263,24454,0.155,0.14,93.3,6.7,0,0.9
2023-04-27,31186,30504,26224,0.156,0.14,91.8,7.4,0,0.9
2023-04-28,30951,32458,28664,0.157,0.14,96.1,8.2,0,0.9
2023-04-29,29718,30154,28054,0.162,0.14,91.8,10.8,0,0.9
2023-04-30,29723,30346,26605,0.161,0.14,90.5,10.2,0,0.9
2023-05-01,29998,29407,23338,0.154,0.14,86.4,9.3,0,0.9
2023-05-02,31807,31503,27424,0.156,0.14,94.7,6.7,0,0.9
2023-05-03,34613,33635,27377,0.156,0.14,99.8,8.5,0,0.9
2023-05-04,32645,30607,23499,0.154,0.14,90.5,1.6,0,0.9
2023-05-05,31292,30071,26269,0.156,0.14,91.5,10.2,0,0.9
2023-05-06,32415,31225,23871,0.159,0.14,91.3,4.3,0,0.9
2023-05-07,33228,32249,29016,0.162,0.14,98.6,7.7,0,0.9
2023-05-08,32060,30536,28904,0.157,0.14,95.5,6.7,0,0.9
2023-05-09,33179,30130,22555,0.154,0.14,89.6,7.1,1,0.9
2023-05-10,32899,32059,25837,0.156,0.14,94.8,13.1,0,0.9
2023-05-11,35067,32205,25693,0.155,0.14,97.0,13.5,0,0.9
2023-05-12,35388,32305,23650,0.154,0.14,95.3,5.6,0,0.9
2023-05-13,30673,29737,27461,0.161,0.14,91.7,5.4,0,0.9
2023-05-14,33972,31296,25636,0.16,0.14,94.9,5.1,0,0.9
2023-05-15,30295,29511,24972,0.155,0.14,88.5,5.0,0,0.9
2023-05-16,32947,29882,25818,0.155,0.14,92.5,9.2,0,0.9
2023-05-17,33318,30107,22493,0.153,0.14,89.7,4.9,0,0.9
2023-05-18,32660,31962,26415,0.156,0.14,95.0,2.9,0,0.9
2023-05-19,30839,30703,25994,0.156,0.14,91.4,5.9,0,0.9
2023-05-20,27495,27802,26158,0.161,0.14,85.0,11.6,0,0.9
2023-05-21,30353,30332,27346,0.161,0.14,91.9,4.6,0,0.9
2023-05-22,32469,30634,25795,0.155,0.14,92.8,4.6,0,0.9
2023-05-23,30421,30343,25090,0.155,0.14,89.6,8.9,0,0.9
2023-05-24,32616,30372,25452,0.155,0.14,92.3,4.6,0,0.9
2023-05-25,32196,32749,27485,0.156,0.14,96.5,4.6,0,0.9
2023-05-26,32639,32422,29110,0.157,0.14,98.3,0.0,0,0.9
2023-05-27,31446,32910,26484,0.161,0.14,94.8,0.0,0,0.9
2023-05-28,32430,30617,24485,0.16,0.14,91.4,0.0,0,0.9
2023-05-29,32312,30063,26560,0.156,0.14,92.8,4.5,0,0.9
2023-05-30,30420,30826,26651,0.156,0.14,91.7,3.5,0,0.9
2023-05-31,31444,29172,25671,0.155,0.14,90.1,6.8,0,0.9
2023-06-01,34552,29737,18086,0.151,0.14,94.6,15.3,0,1.0
2023-06-02,30480,27193,19982,0.152,0.14,89.2,1.6,0,1.0
2023-06-03,31204,28863,21451,0.158,0.14,93.6,16.5,0,1.0
2023-06-04,30080,27685,19702,0.157,0.14,88.9,10.8,0,1.0
2023-06-05,33782,28171,18250,0.151,0.14,92.1,40.8,0,1.05
2023-06-06,35025,28406,17886,0.151,0.14,93.4,14.2,0,1.0
2023-06-07,32829,28380,20423,0.152,0.14,93.7,16.5,0,1.0
2023-06-08,35022,29669,21043,0.153,0.14,98.4,13.7,0,1.0
2023-06-09,31606,29868,21953,0.153,0.14,95.8,9.1,0,1.0
2023-06-10,33224,28145,21251,0.158,0.14,94.9,19.3,0,1.0
2023-06-11,34321,29530,18764,0.156,0.14,94.9,28.2,0,1.0
2023-06-12,31059,26942,18658,0.151,0.14,88.0,19.3,0,1.0
2023-06-13,32975,28350,20022,0.152,0.14,93.4,28.2,0,1.0
2023-06-14,33140,28990,20649,0.152,0.14,95.0,19.6,0,1.0
2023-06-15,31893,29544,20870,0.153,0.14,94.5,5.9,0,1.0
2023-06-16,33326,28057,18466,0.151,0.14,91.7,18.1,0,1.0
2023-06-17,31372,28943,21423,0.158,0.14,93.8,28.7,1,1.0
2023-06-18,32993,30150,20639,0.157,0.14,96.2,20.8,0,1.0
2023-06-19,31076,27629,23113,0.154,0.14,93.9,29.2,0,1.0
2023-06-20,30810,27576,21876,0.153,0.14,92.2,15.8,0,1.0
2023-06-21,30138,27617,20089,0.152,0.14,89.4,0.7,0,1.0
2023-06-22,32128,28534,19777,0.152,0.14,92.4,29.8,0,1.0
2023-06-23,34112,29876,21246,0.153,0.14,97.9,31.7,0,1.05
2023-06-24,31210,28504,19833,0.157,0.14,91.3,13.8,1,1.0
2023-06-25,31917,27848,18167,0.156,0.14,89.5,16.3,0,1.0
2023-06-26,33262,28051,21339,0.153,0.14,94.9,14.5,0,1.0
2023-06-27,32217,28833,20379,0.152,0.14,93.5,11.6,0,1.0
2023-06-28,33396,29807,18669,0.151,0.14,94.0,22.9,0,1.0
2023-06-29,31910,26682,19121,0.151,0.14,89.2,2.5,0,1.0
2023-06-30,32617,29233,19733,0.152,0.14,93.7,14.8,0,1.0
2023-07-01,37465,28014,16415,0.155,0.14,94.0,32.1,0,1.1
2023-07-02,34221,28642,17196,0.155,0.14,91.9,25.8,0,1.05
2023-07-03,35329,29501,18037,0.151,0.14,95.1,24.1,0,1.05
2023-07-04,36203,29028,17463,0.15,0.14,94.9,33.8,0,1.1
2023-07-05,34996,29033,18263,0.151,0.14,94.5,13.1,0,1.05
2023-07-06,32681,28816,19624,0.152,0.14,93.1,21.9,0,1.05
2023-07-07,36172,28316,17069,0.15,0.14,93.6,35.0,0,1.1
2023-07-08,34952,28711,18064,0.156,0.14,93.8,19.0,1,1.05
2023-07-09,34275,28491,19300,0.157,0.14,94.2,21.8,0,1.05
2023-07-10,34443,26865,17861,0.151,0.14,90.9,21.3,1,1.05
2023-07-11,33311,26734,19579,0.152,0.14,91.4,23.7,0,1.05
2023-07-12,34516,28747,22650,0.154,0.14,98.6,14.4,0,1.05
2023-07-13,36284,30019,17275,0.15,0.14,96.0,26.5,0,1.05
2023-07-14,35789,27654,17296,0.15,0.14,92.7,26.5,0,1.05
2023-07-15,33072,27784,19603,0.157,0.14,92.4,29.0,1,1.05
2023-07-16,35516,30333,18922,0.156,0.14,97.3,7.5,0,1.05
2023-07-17,34484,28546,17368,0.15,0.14,92.3,22.7,0,1.05
2023-07-18,35687,29984,18800,0.151,0.14,97.0,26.4,0,1.05
2023-07-19,34347,27875,18646,0.151,0.14,92.9,9.7,0,1.05
2023-07-20,32574,26673,18013,0.151,0.14,88.7,19.6,0,1.05
2023-07-21,34821,29245,19534,0.152,0.14,96.0,13.7,0,1.05
2023-07-22,29869,26530,18266,0.156,0.14,85.7,15.5,0,1.05
2023-07-23,34520,28459,19271,0.157,0.14,94.4,23.7,1,1.05
2023-07-24,34225,27769,15977,0.15,0.14,89.5,20.0,0,1.05
2023-07-25,33786,28335,18976,0.151,0.14,93.1,11.2,0,1.05
2023-07-26,35529,28452,16282,0.15,0.14,92.2,10.0,0,1.05
2023-07-27,33808,27496,18531,0.151,0.14,91.7,15.1,0,1.05
2023-07-28,34007,27976,17325,0.15,0.14,91.1,20.6,0,1.05
2023-07-29,35336,29903,18605,0.156,0.14,96.3,14.2,0,1.05
2023-07-30,36662,27829,14707,0.154,0.14,90.9,40.8,1,1.1
2023-07-31,34059,28495,17061,0.15,0.14,91.4,9.7,0,1.05
2023-08-01,36182,28818,17139,0.15,0.14,94.3,37.3,0,1.1
2023-08-02,35373,28480,17699,0.151,0.14,93.6,15.0,0,1.05
2023-08-03,34432,28916,21762,0.153,0.14,97.7,15.2,0,1.05
2023-08-04,36102,31255,18872,0.151,0.14,99.0,4.4,0,1.05
2023-08-05,35674,28238,19395,0.157,0.14,95.7,18.3,0,1.05
2023-08-06,33992,27626,16105,0.155,0.14,89.2,25.3,0,1.05
2023-08-07,33739,28204,19737,0.152,0.14,93.8,24.9,0,1.05
2023-08-08,32031,28055,20151,0.152,0.14,92.1,23.2,0,1.05
2023-08-09,31958,24849,16749,0.15,0.14,84.5,27.7,0,1.05
2023-08-10,34746,27566,18460,0.151,0.14,92.7,23.7,0,1.05
2023-08-11,34351,28940,18613,0.151,0.14,94.0,15.3,0,1.05
2023-08-12,34032,29287,18344,0.156,0.14,93.8,0.0,0,1.05
2023-08-13,36234,28924,18062,0.156,0.14,95.6,35.0,1,1.1
2023-08-14,36650,29415,18129,0.151,0.14,96.7,28.5,0,1.05
2023-08-15,35635,28456,17532,0.151,0.14,93.7,30.3,0,1.1
2023-08-16,33134,27147,18921,0.151,0.14,90.9,20.5,0,1.05
2023-08-17,32702,26706,16370,0.15,0.14,87.0,20.8,0,1.05
2023-08-18,35624,30729,20742,0.152,0.14,100.0,0.0,1,1.05
2023-08-19,35077,26821,16383,0.155,0.14,89.9,31.1,0,1.1
2023-08-20,34378,27663,17257,0.155,0.14,91.0,22.8,0,1.05
2023-08-21,34719,29013,18561,0.151,0.14,94.5,28.7,0,1.05
2023-08-22,33894,28669,19238,0.152,0.14,93.9,29.6,0,1.05
2023-08-23,37713,28762,17625,0.151,0.14,96.6,31.1,0,1.1
2023-08-24,35381,28476,17917,0.151,0.14,93.9,12.3,0,1.05
2023-08-25,35896,29319,16969,0.15,0.14,94.4,36.1,0,1.1
2023-08-26,37080,29238,16170,0.155,0.14,94.7,30.5,0,1.1
2023-08-27,33980,28473,18873,0.156,0.14,93.4,18.5,0,1.05
2023-08-28,31360,27680,17664,0.151,0.14,88.1,7.2,0,1.05
2023-08-29,34172,27688,15682,0.149,0.14,89.0,13.6,0,1.05
2023-08-30,33329,28349,17536,0.151,0.14,91.0,0.0,0,1.05
2023-08-31,33202,28155,15343,0.149,0.14,88.1,6.1,0,1.05
2023-09-01,34388,29102,19012,0.151,0.14,94.7,26.8,0,1.05
2023-09-02,31999,28038,20228,0.157,0.14,92.2,12.5,0,1.05
2023-09-03,31429,28005,19951,0.157,0.14,91.1,29.7,0,1.05
2023-09-04,34019,29079,20359,0.152,0.14,95.8,10.1,0,1.05
2023-09-05,36542,28982,16914,0.15,0.14,94.7,10.3,0,1.05
2023-09-06,34483,29070,18597,0.151,0.14,94.3,4.1,0,1.05
2023-09-07,34572,28487,18106,0.151,0.14,93.2,14.2,0,1.05
2023-09-08,33347,28010,19748,0.152,0.14,93.1,20.5,0,1.05
2023-09-09,35002,28496,16714,0.155,0.14,92.1,31.5,0,1.1
2023-09-10,34692,29896,18749,0.156,0.14,95.7,12.8,0,1.05
2023-09-11,35373,26950,16632,0.15,0.14,90.7,22.4,0,1.05
2023-09-12,34282,28653,19144,0.151,0.14,94.2,26.3,1,1.05
2023-09-13,35777,29994,19470,0.152,0.14,97.9,32.2,0,1.1
2023-09-14,35698,31483,19914,0.152,0.14,100.0,19.1,0,1.05
2023-09-15,35551,29046,19287,0.152,0.14,96.3,29.8,0,1.05
2023-09-16,33206,27592,19669,0.157,0.14,92.4,16.2,0,1.05
2023-09-17,33033,28188,19262,0.157,0.14,92.4,14.1,0,1.05
2023-09-18,32633,27375,16925,0.15,0.14,88.3,22.3,0,1.05
2023-09-19,33347,28281,16147,0.15,0.14,89.3,8.3,0,1.05
2023-09-20,34527,28342,17984,0.151,0.14,92.8,12.9,0,1.05
2023-09-21,33757,28972,19914,0.152,0.14,94.9,10.1,0,1.05
2023-09-22,36534,29839,17855,0.151,0.14,96.7,12.6,0,1.05
2023-09-23,32546,27485,17291,0.155,0.14,88.8,14.7,0,1.05
2023-09-24,36300,28532,17195,0.155,0.14,94.2,43.2,0,1.1
2023-09-25,33545,28368,20607,0.152,0.14,94.7,25.0,0,1.05
2023-09-26,33432,27573,21320,0.153,0.14,94.5,1.6,0,1.05
2023-09-27,34311,28377,18392,0.151,0.14,93.1,28.4,0,1.05
2023-09-28,34846,28095,17799,0.151,0.14,92.7,20.8,0,1.05
2023-09-29,34150,28761,19654,0.152,0.14,94.8,25.7,0,1.05
2023-09-30,33061,27523,18067,0.156,0.14,90.3,25.4,0,1.05
2023-10-01,35017,28359,18139,0.156,0.14,93.6,8.6,0,1.0
2023-10-02,30037,26984,20550,0.152,0.14,89.1,10.1,0,1.0
2023-10-03,30701,28032,22407,0.153,0.14,93.2,13.0,0,1.0
2023-10-04,31079,28556,20987,0.153,0.14,92.6,4.4,0,1.0
2023-10-05,32157,28695,21236,0.153,0.14,94.3,4.2,0,1.0
2023-10-06,31457,27872,20789,0.152,0.14,92.0,10.9,0,1.0
2023-10-07,30182,28188,20725,0.157,0.14,90.8,10.1,0,1.0
2023-10-08,32007,29073,22360,0.158,0.14,95.8,0.0,0,1.0
2023-10-09,32914,28488,18770,0.151,0.14,92.1,17.2,1,1.0
2023-10-10,29205,26184,18840,0.151,0.14,85.2,6.5,0,1.0
2023-10-11,30464,29488,20965,0.153,0.14,92.9,4.0,0,1.0
2023-10-12,31006,27009,20544,0.152,0.14,90.2,9.8,0,1.0
2023-10-13,31096,26670,22069,0.153,0.14,91.7,0.0,0,1.0
2023-10-14,32878,30371,20467,0.157,0.14,96.1,6.0,0,1.0
2023-10-15,34774,29901,18730,0.156,0.14,95.8,9.5,0,1.0
2023-10-16,34064,29329,21686,0.153,0.14,97.7,17.8,0,1.0
2023-10-17,33964,29978,21555,0.153,0.14,98.2,10.5,0,1.0
2023-10-18,31275,27964,22242,0.153,0.14,93.6,7.8,0,1.0
2023-10-19,33154,29152,21717,0.153,0.14,96.5,14.1,0,1.0
2023-10-20,34142,28568,20168,0.152,0.14,95.2,17.1,0,1.0
2023-10-21,32143,27374,20169,0.157,0.14,91.5,2.5,0,1.0
2023-10-22,33993,30892,21770,0.158,0.14,99.5,12.7,0,1.0
2023-10-23,35047,30351,20302,0.152,0.14,98.4,18.7,0,1.0
2023-10-24,30534,26497,21774,0.153,0.14,90.5,7.8,0,1.0
2023-10-25,32081,28296,21007,0.153,0.14,93.4,13.5,0,1.0
2023-10-26,34110,28756,20263,0.152,0.14,95.4,11.8,0,1.0
2023-10-27,32698,27528,18647,0.151,0.14,90.6,15.0,0,1.0
2023-10-28,33809,28660,21597,0.158,0.14,96.5,14.0,0,1.0
2023-10-29,33097,28598,19079,0.156,0.14,92.7,9.4,0,1.0
2023-10-30,32722,29335,18997,0.151,0.14,93.1,17.4,0,1.0
2023-10-31,34247,28776,18181,0.151,0.14,93.2,0.0,0,1.0
2023-11-01,32966,28256,21536,0.153,0.14,95.0,17.7,1,1.0
2023-11-02,32645,27269,18662,0.151,0.14,90.2,15.0,0,1.0
2023-11-03,31635,28966,21429,0.153,0.14,94.2,20.0,0,1.0
2023-11-04,32445,29023,23332,0.159,0.14,97.4,11.7,0,1.0
2023-11-05,33668,27785,18571,0.156,0.14,91.9,14.3,0,1.0
2023-11-06,35633,29236,19936,0.152,0.14,97.4,0.0,1,1.0
2023-11-07,33161,31014,20123,0.152,0.14,96.8,0.8,0,1.0
2023-11-08,33450,28766,16985,0.15,0.14,90.9,10.8,0,1.0
2023-11-09,33790,28573,20184,0.152,0.14,94.8,16.1,0,1.0
2023-11-10,32623,28134,18545,0.151,0.14,91.1,16.7,0,1.0
2023-11-11,31505,27121,21867,0.158,0.14,92.4,3.1,1,1.0
2023-11-12,31149,27413,18869,0.156,0.14,88.9,12.9,0,1.0
2023-11-13,32784,28328,21408,0.153,0.14,94.7,17.3,0,1.0
2023-11-14,29233,26763,19941,0.152,0.14,87.2,17.2,0,1.0
2023-11-15,30847,26653,18877,0.151,0.14,87.7,10.8,0,1.0
2023-11-16,31840,28398,20252,0.152,0.14,92.4,16.2,0,1.0
2023-11-17,29373,26635,17486,0.15,0.14,84.4,3.0,0,1.0
2023-11-18,33566,28423,21042,0.158,0.14,95.3,15.4,0,1.0
2023-11-19,33581,29351,21272,0.158,0.14,96.7,14.6,0,1.0
2023-11-20,31357,27628,21436,0.153,0.14,92.3,12.1,0,1.0
2023-11-21,32096,27682,20513,0.152,0.14,92.2,19.0,1,1.0
2023-11-22,29566,26754,21723,0.153,0.14,89.6,10.6,0,1.0
2023-11-23,31395,28516,22436,0.153,0.14,94.5,10.4,0,1.0
2023-11-24,31673,30262,20545,0.152,0.14,94.7,3.3,0,1.0
2023-11-25,32876,28938,22228,0.158,0.14,96.5,0.3,0,1.0
2023-11-26,34529,30576,21990,0.158,0.14,100.0,16.1,0,1.0
2023-11-27,31445,26767,23012,0.154,0.14,93.3,5.0,0,1.0
2023-11-28,36332,29563,20355,0.152,0.14,99.0,7.3,0,1.0
2023-11-29,31465,28445,19186,0.152,0.14,90.8,10.1,0,1.0
2023-11-30,32327,28605,21641,0.153,0.14,94.8,6.2,0,1.0
2023-12-01,34428,29685,21131,0.153,0.14,97.9,2.2,0,1.0
2023-12-02,33248,28799,20288,0.157,0.14,94.5,1.3,0,1.0
2023-12-03,32143,30084,18568,0.156,0.14,92.8,3.8,1,1.0
2023-12-04,34221,28484,19613,0.152,0.14,94.5,4.1,0,1.0
2023-12-05,31748,26673,18819,0.151,0.14,88.7,2.2,0,1.0
2023-12-06,33717,28730,19954,0.152,0.14,94.6,4.4,0,1.0
2023-12-07,30906,28144,19737,0.152,0.14,90.5,3.0,0,1.0
2023-12-08,32365,28495,21402,0.153,0.14,94.5,1.5,0,1.0
2023-12-09,34874,28123,19108,0.156,0.14,94.3,0.1,1,1.0
2023-12-10,33162,28573,19893,0.157,0.14,93.7,2.4,0,1.0
2023-12-11,32663,29308,20147,0.152,0.14,94.3,0.0,0,1.0
2023-12-12,33848,28231,18222,0.151,0.14,92.2,2.1,0,1.0
2023-12-13,32356,27861,19859,0.152,0.14,91.9,2.4,0,1.0
2023-12-14,32468,27549,21898,0.153,0.14,94.1,5.6,0,1.0
2023-12-15,33000,27781,18629,0.151,0.14,91.2,0.0,0,1.0
2023-12-16,30987,27355,20462,0.157,0.14,90.5,3.1,0,1.0
2023-12-17,33233,28908,18015,0.156,0.14,92.0,5.2,0,1.0
2023-12-18,33718,29550,20932,0.153,0.14,96.7,1.8,0,1.0
2023-12-19,33172,29554,21376,0.153,0.14,96.6,0.0,0,1.0
2023-12-20,32444,29277,20647,0.152,0.14,94.6,1.2,0,1.0
2023-12-21,33393,29714,22958,0.154,0.14,98.8,2.3,1,1.0
2023-12-22,31697,27508,18354,0.151,0.14,89.0,4.1,0,1.0
2023-12-23,32796,29198,18374,0.156,0.14,92.3,2.8,1,1.0
2023-12-24,30147,26845,18057,0.156,0.14,86.2,0.0,0,1.0
2023-12-25,32627,28374,19761,0.152,0.14,92.7,0.9,0,1.0
2023-12-26,33379,29220,20361,0.152,0.14,95.3,1.1,0,1.0
2023-12-27,32995,29817,21024,0.153,0.14,96.3,0.1,0,1.0
2023-12-28,30858,27810,20643,0.152,0.14,91.1,2.7,0,1.0
2023-12-29,32853,27165,20189,0.152,0.14,92.1,2.0,0,1.0
2023-12-30,31901,28055,18785,0.156,0.14,90.4,4.1,0,1.0
2023-12-31,32291,28850,19416,0.157,0.14,92.5,1.8,1,1.0
2024-01-01,33883,29791,20364,0.152,0.14,96.5,2.7,0,1.0
2024-01-02,30733,29662,23219,0.154,0.14,96.0,2.4,0,1.0
2024-01-03,32883,28157,19039,0.151,0.14,91.9,4.9,0,1.0
2024-01-04,35435,29991,19008,0.151,0.14,96.9,5.2,0,1.0
2024-01-05,32181,27013,21883,0.153,0.14,93.1,0.1,0,1.0
2024-01-06,33019,29832,19588,0.157,0.14,94.7,2.2,0,1.0
2024-01-07,31782,26937,21798,0.158,0.14,92.4,1.8,1,1.0
2024-01-08,30339,27670,21180,0.153,0.14,90.9,1.1,0,1.0
2024-01-09,31505,27741,20003,0.152,0.14,91.0,0.2,1,1.0
2024-01-10,31916,28403,18714,0.151,0.14,90.7,1.4,0,1.0
2024-01-11,31458,28075,20994,0.153,0.14,92.5,2.8,0,1.0
2024-01-12,32587,27633,18699,0.151,0.14,90.6,1.4,0,1.0
2024-01-13,30406,26721,22165,0.158,0.14,91.0,1.2,0,1.0
2024-01-14,31369,29331,21628,0.158,0.14,94.5,2.5,0,1.0
2024-01-15,31082,27978,20332,0.152,0.14,91.2,2.3,0,1.0
2024-01-16,31447,27145,20527,0.152,0.14,90.8,0.0,0,1.0
2024-01-17,33409,28848,18301,0.151,0.14,92.5,3.0,0,1.0
2024-01-18,33108,28499,19441,0.152,0.14,93.1,1.8,0,1.0
2024-01-19,33123,28501,21038,0.153,0.14,94.9,2.8,0,1.0
2024-01-20,32058,27099,21297,0.158,0.14,92.4,1.9,0,1.0
2024-01-21,34016,29767,19130,0.156,0.14,95.2,0.0,0,1.0
2024-01-22,33028,30524,22085,0.153,0.14,98.3,0.7,0,1.0
2024-01-23,34435,29950,20359,0.152,0.14,97.3,1.5,0,1.0
2024-01-24,34038,28074,21005,0.153,0.14,95.4,1.7,0,1.0
2024-01-25,32231,29924,20881,0.153,0.14,95.3,5.2,0,1.0
2024-01-26,31878,28592,19967,0.152,0.14,92.4,0.0,0,1.0
2024-01-27,30865,28886,20826,0.157,0.14,92.5,2.1,1,1.0
2024-01-28,32471,28505,17917,0.156,0.14,90.6,0.0,0,1.0
2024-01-29,31873,27286,20632,0.152,0.14,91.6,5.8,1,1.0
2024-01-30,31982,28293,20740,0.152,0.14,93.0,3.1,1,1.0
2024-01-31,30289,27820,21945,0.153,0.14,91.9,0.0,0,1.0
2024-02-01,33179,28252,18696,0.151,0.14,92.0,3.4,0,1.0
2024-02-02,31336,25890,19890,0.152,0.14,88.5,0.0,0,1.0
2024-02-03,35396,30694,20738,0.157,0.14,99.7,5.5,0,1.0
2024-02-04,30295,27074,21347,0.158,0.14,90.4,0.0,0,1.0
2024-02-05,32113,29172,21667,0.153,0.14,95.2,0.0,0,1.0
2024-02-06,35143,31032,20920,0.153,0.14,100.0,1.6,0,1.0
2024-02-07,32459,28743,21095,0.153,0.14,94.5,0.0,0,1.0
2024-02-08,32912,29581,19136,0.151,0.14,93.7,0.0,0,1.0
2024-02-09,32248,27799,19928,0.152,0.14,91.8,2.6,0,1.0
2024-02-10,31161,27490,19283,0.157,0.14,89.5,1.8,0,1.0
2024-02-11,32802,29118,22376,0.158,0.14,96.8,0.0,0,1.0
2024-02-12,32304,25996,16376,0.15,0.14,85.7,2.5,0,1.0
2024-02-13,33209,28980,19556,0.152,0.14,93.9,1.9,0,1.0
2024-02-14,32055,28728,19681,0.152,0.14,92.4,4.3,0,1.0
2024-02-15,32585,28306,20617,0.152,0.14,93.6,3.3,0,1.0
2024-02-16,33138,28918,21820,0.153,0.14,96.3,3.9,0,1.0
2024-02-17,34253,29437,19562,0.157,0.14,95.6,0.7,0,1.0
2024-02-18,33567,28660,20642,0.157,0.14,95.1,3.0,0,1.0
2024-02-19,33489,29618,19742,0.152,0.14,95.1,4.4,0,1.0
2024-02-20,30781,27403,22752,0.154,0.14,92.9,0.4,0,1.0
2024-02-21,30255,28188,21751,0.153,0.14,92.1,0.4,0,1.0
2024-02-22,32229,28399,20379,0.152,0.14,93.0,4.9,0,1.0
2024-02-23,30873,27132,21000,0.153,0.14,90.7,0.0,0,1.0
2024-02-24,32855,29358,20617,0.157,0.14,95.1,1.7,0,1.0
2024-02-25,31160,27367,19233,0.157,0.14,89.3,3.3,0,1.0
2024-02-26,32757,29231,19885,0.152,0.14,94.0,0.3,0,1.0
2024-02-27,33906,29193,21137,0.153,0.14,96.7,5.6,0,1.0
2024-02-28,33218,29652,19590,0.152,0.14,94.7,3.7,0,1.0
2024-02-29,31843,26897,20928,0.153,0.14,91.5,2.8,0,1.0
2024-03-01,30511,30241,25624,0.155,0.14,90.2,7.3,0,0.9
2024-03-02,33034,30797,25713,0.16,0.14,93.5,4.7,0,0.9
2024-03-03,31955,30105,24804,0.16,0.14,90.7,4.9,0,0.9
2024-03-04,33100,31293,25262,0.155,0.14,93.6,7.1,0,0.9
2024-03-05,35732,32297,26765,0.156,0.14,98.9,5.7,0,0.9
2024-03-06,33443,32556,26652,0.156,0.14,96.7,9.9,0,0.9
2024-03-07,31363,30984,25933,0.156,0.14,92.1,6.8,0,0.9
2024-03-08,31281,30329,29216,0.158,0.14,94.8,6.0,0,0.9
2024-03-09,31744,29569,23714,0.159,0.14,88.8,0.4,0,0.9
2024-03-10,31860,29993,23972,0.159,0.14,89.6,8.5,0,0.9
2024-03-11,32982,32522,28199,0.157,0.14,97.8,9.9,0,0.9
2024-03-12,32054,33378,26901,0.156,0.14,96.4,2.5,0,0.9
2024-03-13,31081,30159,27433,0.156,0.14,92.6,6.8,0,0.9
2024-03-14,31728,29867,24623,0.155,0.14,90.0,6.2,1,0.9
2024-03-15,30700,28458,26681,0.156,0.14,89.6,0.0,0,0.9
2024-03-16,32868,31806,26680,0.161,0.14,95.4,15.7,0,0.9
2024-03-17,33320,30948,25452,0.16,0.14,93.6,14.1,0,0.9
2024-03-18,32744,31574,24838,0.155,0.14,93.1,7.8,0,0.9
2024-03-19,29277,30593,27094,0.156,0.14,90.8,9.9,0,0.9
2024-03-20,32295,31388,25561,0.155,0.14,93.2,6.7,0,0.9
2024-03-21,30737,30134,25536,0.155,0.14,90.2,0.0,0,0.9
2024-03-22,30215,30513,23648,0.154,0.14,88.1,5.6,0,0.9
2024-03-23,31931,30830,26486,0.161,0.14,93.2,8.1,0,0.9
2024-03-24,32967,31209,24009,0.159,0.14,92.0,4.5,0,0.9
2024-03-25,30459,31785,25792,0.155,0.14,91.9,7.3,0,0.9
2024-03-26,30558,30198,24727,0.155,0.14,89.2,2.8,0,0.9
2024-03-27,31648,31709,27523,0.157,0.14,94.9,7.3,0,0.9
2024-03-28,34226,31375,24029,0.154,0.14,93.6,0.0,0,0.9
2024-03-29,33500,29405,24419,0.155,0.14,91.1,9.4,0,0.9
2024-03-30,31390,31280,25662,0.16,0.14,92.2,0.3,0,0.9
2024-03-31,32007,30499,27547,0.162,0.14,94.0,6.2,0,0.9
2024-04-01,31792,30530,24874,0.155,0.14,91.0,6.8,0,0.9
2024-04-02,29901,30431,25193,0.155,0.14,89.3,5.7,0,0.9
2024-04-03,34014,31885,24557,0.155,0.14,94.4,2.2,0,0.9
2024-04-04,32462,30189,25851,0.156,0.14,92.4,8.5,0,0.9
2024-04-05,31162,30893,25744,0.155,0.14,91.6,9.5,0,0.9
2024-04-06,30818,30903,25979,0.161,0.14,91.5,5.9,0,0.9
2024-04-07,31267,31821,25489,0.16,0.14,92.5,9.0,0,0.9
2024-04-08,32328,31704,25498,0.155,0.14,93.5,7.0,0,0.9
2024-04-09,30949,32551,27871,0.157,0.14,95.4,3.3,0,0.9
2024-04-10,30017,30603,26761,0.156,0.14,91.2,3.2,1,0.9
2024-04-11,32890,32247,25934,0.156,0.14,95.1,4.4,0,0.9
2024-04-12,33657,34174,27974,0.157,0.14,100.0,8.2,0,0.9
2024-04-13,32903,33082,25763,0.16,0.14,95.8,5.2,0,0.9
2024-04-14,30197,29238,25854,0.161,0.14,89.0,7.6,0,0.9
2024-04-15,32704,31638,25328,0.155,0.14,93.6,0.0,0,0.9
2024-04-16,31904,32199,27124,0.156,0.14,95.2,10.1,0,0.9
2024-04-17,31916,31455,26646,0.156,0.14,94.0,0.0,0,0.9
2024-04-18,28783,28025,24937,0.155,0.14,85.3,8.8,0,0.9
2024-04-19,31504,30307,23986,0.154,0.14,89.6,8.7,0,0.9
2024-04-20,31635,30327,23693,0.159,0.14,89.4,1.8,0,0.9
2024-04-21,31245,31811,25319,0.16,0.14,92.2,9.1,0,0.9
2024-04-22,34059,31655,24041,0.154,0.14,93.7,3.6,0,0.9
2024-04-23,34180,31615,27332,0.156,0.14,97.2,7.7,0,0.9
2024-04-24,32940,31381,27087,0.156,0.14,95.4,9.9,0,0.9
2024-04-25,32397,31551,24624,0.155,0.14,92.5,8.4,0,0.9
2024-04-26,33043,31685,24158,0.154,0.14,92.8,9.3,0,0.9
2024-04-27,30910,29891,26523,0.161,0.14,91.1,9.4,0,0.9
2024-04-28,33674,32184,25935,0.161,0.14,95.8,10.2,0,0.9
2024-04-29,32336,31318,24332,0.155,0.14,91.8,1.6,0,0.9
2024-04-30,33302,31008,26095,0.156,0.14,94.4,5.8,0,0.9
2024-05-01,32134,30822,26286,0.156,0.14,93.1,8.0,0,0.9
2024-05-02,32590,32328,24954,0.155,0.14,93.8,5.0,0,0.9
2024-05-03,31832,30079,24708,0.155,0.14,90.4,4.1,0,0.9
2024-05-04,33971,33198,24149,0.159,0.14,95.3,3.4,0,0.9
2024-05-05,30507,31585,27419,0.161,0.14,93.4,4.5,0,0.9
2024-05-06,31622,29145,23976,0.154,0.14,88.5,11.0,0,0.9
2024-05-07,29294,30195,24702,0.155,0.14,87.9,3.9,0,0.9
2024-05-08,33245,31742,23671,0.154,0.14,92.5,8.2,0,0.9
2024-05-09,30323,30006,24959,0.155,0.14,89.0,4.6,0,0.9
2024-05-10,29140,29552,25612,0.155,0.14,88.0,4.0,0,0.9
2024-05-11,31950,30881,23611,0.159,0.14,90.2,5.1,0,0.9
2024-05-12,29602,29122,25600,0.16,0.14,88.0,1.6,0,0.9
2024-05-13,31230,30216,24767,0.155,0.14,90.0,2.3,0,0.9
2024-05-14,32459,30861,26312,0.156,0.14,93.6,5.7,0,0.9
2024-05-15,33736,31284,26464,0.156,0.14,95.5,0.8,0,0.9
2024-05-16,33683,31129,26948,0.156,0.14,95.8,0.0,0,0.9
2024-05-17,32808,30691,26579,0.156,0.14,94.0,8.2,0,0.9
2024-05-18,33874,32722,27375,0.161,0.14,98.1,2.5,0,0.9
2024-05-19,33091,30914,24915,0.16,0.14,92.8,8.3,0,0.9
2024-05-20,32233,31160,25300,0.155,0.14,92.6,2.5,0,0.9
2024-05-21,32009,30385,22086,0.153,0.14,88.2,4.3,0,0.9
2024-05-22,31403,30549,24349,0.155,0.14,90.1,9.2,1,0.9
2024-05-23,30499,29983,26632,0.156,0.14,90.9,2.9,0,0.9
2024-05-24,33303,31498,23433,0.154,0.14,92.1,12.8,0,0.9
2024-05-25,32638,32130,25687,0.16,0.14,94.4,8.0,0,0.9
2024-05-26,32932,32961,25163,0.16,0.14,95.0,11.7,1,0.9
2024-05-27,32884,32438,23174,0.154,0.14,92.4,8.7,0,0.9
2024-05-28,32852,31310,24161,0.154,0.14,92.2,9.2,0,0.9
2024-05-29,32196,32978,25916,0.156,0.14,95.1,0.6,0,0.9
2024-05-30,31802,30257,27569,0.157,0.14,93.6,8.2,1,0.9
2024-05-31,30077,28850,24654,0.155,0.14,87.2,6.1,0,0.9
2024-06-01,33686,27435,18895,0.156,0.14,91.9,22.5,0,1.0
2024-06-02,32868,28285,19114,0.156,0.14,92.2,17.2,0,1.0
2024-06-03,31754,28011,22095,0.153,0.14,94.0,13.1,0,1.0
2024-06-04,33951,28708,21592,0.153,0.14,96.7,49.5,0,1.05
2024-06-05,32301,28471,22854,0.154,0.14,96.0,13.3,0,1.0
2024-06-06,31675,29217,17882,0.151,0.14,90.4,17.7,0,1.0
2024-06-07,33459,29220,20532,0.152,0.14,95.5,24.2,0,1.0
2024-06-08,33244,26809,17990,0.156,0.14,89.6,40.6,0,1.05
2024-06-09,33288,30043,19611,0.157,0.14,95.2,9.6,0,1.0
2024-06-10,30882,27031,19798,0.152,0.14,89.2,12.9,0,1.0
2024-06-11,32882,28555,21129,0.153,0.14,94.8,5.8,0,1.0
2024-06-12,34584,29122,22750,0.154,0.14,99.3,30.2,0,1.05
2024-06-13,35178,28554,20024,0.152,0.14,96.2,30.9,0,1.05
2024-06-14,32351,29245,21818,0.153,0.14,95.8,23.3,0,1.0
2024-06-15,31985,27182,19769,0.157,0.14,90.6,16.6,0,1.0
2024-06-16,32191,27320,20874,0.158,0.14,92.3,28.6,0,1.0
2024-06-17,33523,28180,17297,0.15,0.14,90.7,19.5,0,1.0
2024-06-18,34620,30191,20783,0.152,0.14,98.3,22.8,0,1.0
2024-06-19,31973,28985,19552,0.152,0.14,92.4,0.0,0,1.0
2024-06-20,33533,28033,19266,0.152,0.14,92.8,12.0,0,1.0
2024-06-21,33880,29236,20341,0.152,0.14,95.8,17.2,0,1.0
2024-06-22,33795,28262,19494,0.157,0.14,93.6,13.9,0,1.0
2024-06-23,30488,26904,21807,0.158,0.14,90.9,9.2,1,1.0
2024-06-24,30904,27004,17327,0.15,0.14,86.4,14.0,0,1.0
2024-06-25,34884,31196,20433,0.152,0.14,99.3,17.9,0,1.0
2024-06-26,34638,30149,20015,0.152,0.14,97.4,24.6,0,1.0
2024-06-27,33505,29269,18374,0.151,0.14,93.2,8.6,0,1.0
2024-06-28,32182,28170,19394,0.152,0.14,91.6,15.6,0,1.0
2024-06-29,34704,29852,20209,0.157,0.14,97.3,25.4,0,1.0
2024-06-30,34597,28588,18853,0.156,0.14,94.2,9.7,0,1.0
2024-07-01,32165,27051,19149,0.151,0.14,90.0,13.7,0,1.05
2024-07-02,34056,30061,19239,0.152,0.14,95.7,20.2,0,1.05
2024-07-03,37335,28260,16962,0.15,0.14,94.8,31.1,0,1.1
2024-07-04,33405,28339,20700,0.152,0.14,94.7,21.7,0,1.05
2024-07-05,33196,29349,20285,0.152,0.14,95.1,9.9,0,1.05
2024-07-06,33981,29258,19394,0.157,0.14,94.9,25.5,1,1.05
2024-07-07,35103,29622,20022,0.157,0.14,97.3,10.5,0,1.05
2024-07-08,32395,26777,17739,0.151,0.14,88.3,23.5,0,1.05
2024-07-09,33224,28444,18566,0.151,0.14,92.1,26.7,0,1.05
2024-07-10,33634,28768,20197,0.152,0.14,94.8,27.6,1,1.05
2024-07-11,33052,28159,18226,0.151,0.14,91.2,32.1,0,1.1
2024-07-12,35890,30210,18371,0.151,0.14,97.0,26.2,0,1.05
2024-07-13,36068,29657,16137,0.155,0.14,94.0,29.7,0,1.05
2024-07-14,34858,30692,19534,0.157,0.14,97.7,16.5,0,1.05
2024-07-15,33982,28814,18618,0.151,0.14,93.5,27.0,0,1.05
2024-07-16,34369,29231,19711,0.152,0.14,95.7,26.3,0,1.05
2024-07-17,37605,29326,17127,0.15,0.14,96.5,31.9,0,1.1
2024-07-18,36725,29114,15169,0.149,0.14,93.0,39.6,0,1.1
2024-07-19,31708,27620,19001,0.151,0.14,89.9,24.0,0,1.05
2024-07-20,34677,28055,16880,0.155,0.14,91.4,39.9,1,1.1
2024-07-21,36381,29862,18233,0.156,0.14,97.0,25.2,0,1.05
2024-07-22,32004,28689,21764,0.153,0.14,94.7,20.4,0,1.05
2024-07-23,34768,29284,18355,0.151,0.14,94.6,3.5,0,1.05
2024-07-24,33779,27957,18869,0.151,0.14,92.5,15.3,0,1.05
2024-07-25,34648,29045,17988,0.151,0.14,93.8,29.3,0,1.05
2024-07-26,34027,27265,17605,0.151,0.14,90.6,26.3,0,1.05
2024-07-27,35322,28350,17523,0.156,0.14,93.2,22.9,1,1.05
2024-07-28,33595,27749,19141,0.156,0.14,92.4,14.8,1,1.05
2024-07-29,31521,27577,20059,0.152,0.14,90.9,13.4,0,1.05
2024-07-30,33692,28398,18277,0.151,0.14,92.3,17.4,0,1.05
2024-07-31,34103,28865,20779,0.152,0.14,96.2,13.9,0,1.05
2024-08-01,32151,27263,18198,0.151,0.14,89.1,12.3,0,1.05
2024-08-02,35293,28435,18138,0.151,0.14,94.0,16.2,0,1.05
2024-08-03,33657,26589,18536,0.156,0.14,90.5,19.7,0,1.05
2024-08-04,31704,27387,19130,0.156,0.14,89.8,22.4,0,1.05
2024-08-05,31993,26280,18085,0.151,0.14,87.7,19.0,0,1.05
2024-08-06,31983,27087,15862,0.15,0.14,86.0,8.1,0,1.05
2024-08-07,34831,27581,19550,0.152,0.14,94.1,24.8,0,1.05
2024-08-08,35181,27851,16661,0.15,0.14,91.5,8.2,0,1.05
2024-08-09,36583,28085,16168,0.15,0.14,92.8,32.5,0,1.1
2024-08-10,31394,26736,17736,0.156,0.14,87.1,14.7,0,1.05
2024-08-11,40006,29742,15500,0.154,0.14,97.9,39.0,0,1.1
2024-08-12,34031,29374,19850,0.152,0.14,95.6,0.0,0,1.05
2024-08-13,32497,27286,19027,0.151,0.14,90.5,14.1,0,1.05
2024-08-14,33879,28426,18196,0.151,0.14,92.4,23.8,0,1.05
2024-08-15,34295,27752,17611,0.151,0.14,91.5,32.2,0,1.1
2024-08-16,35072,28215,18935,0.151,0.14,94.4,24.0,0,1.05
2024-08-17,32834,27570,19790,0.157,0.14,92.1,24.1,1,1.05
2024-08-18,35830,29088,17061,0.155,0.14,94.1,23.0,0,1.05
2024-08-19,33347,27309,18815,0.151,0.14,91.2,0.0,0,1.05
2024-08-20,33146,28172,17766,0.151,0.14,90.8,13.4,0,1.05
2024-08-21,31676,28481,22038,0.153,0.14,94.4,13.9,0,1.05
2024-08-22,34586,27393,18064,0.151,0.14,91.9,31.7,0,1.1
2024-08-23,34778,30788,15995,0.15,0.14,93.6,27.7,0,1.05
2024-08-24,34662,27759,17240,0.155,0.14,91.5,20.6,0,1.05
2024-08-25,32980,28146,18764,0.156,0.14,91.7,19.5,0,1.05
2024-08-26,34644,27579,17348,0.15,0.14,91.4,11.9,0,1.05
2024-08-27,33658,29112,19165,0.151,0.14,94.1,14.6,0,1.05
2024-08-28,33489,28359,19448,0.152,0.14,93.3,27.4,1,1.05
2024-08-29,34677,29975,19733,0.152,0.14,96.9,21.0,0,1.05
2024-08-30,34948,27694,18868,0.151,0.14,93.6,25.1,0,1.05
2024-08-31,32625,28467,18716,0.156,0.14,91.6,28.7,0,1.05
2024-09-01,34011,28549,21151,0.158,0.14,96.1,29.9,1,1.05
2024-09-02,34593,27729,17651,0.151,0.14,91.8,3.6,0,1.05
2024-09-03,31676,27456,18849,0.151,0.14,89.5,15.3,0,1.05
2024-09-04,30565,24779,17840,0.151,0.14,84.0,20.9,0,1.05
2024-09-05,35821,29193,18117,0.151,0.14,95.4,28.2,0,1.05
2024-09-06,36942,29806,18816,0.151,0.14,98.2,10.5,0,1.05
2024-09-07,33523,29427,19601,0.157,0.14,94.8,17.3,0,1.05
2024-09-08,34066,27241,16931,0.155,0.14,89.8,14.7,1,1.05
2024-09-09,35832,28808,20834,0.153,0.14,98.1,22.3,0,1.05
2024-09-10,37190,30231,18770,0.151,0.14,99.0,6.3,0,1.05
2024-09-11,37420,29972,16876,0.15,0.14,96.8,28.5,0,1.05
2024-09-12,32845,27523,18123,0.151,0.14,90.1,3.5,0,1.05
2024-09-13,34064,27877,18804,0.151,0.14,92.7,9.7,0,1.05
2024-09-14,32822,28199,19423,0.157,0.14,92.4,20.7,0,1.05
2024-09-15,34590,29142,18788,0.156,0.14,94.7,2.6,0,1.05
2024-09-16,36694,29272,19965,0.152,0.14,98.7,15.9,0,1.05
2024-09-17,35601,29544,18541,0.151,0.14,96.1,1.3,0,1.05
2024-09-18,31917,27634,17796,0.151,0.14,88.8,7.1,0,1.05
2024-09-19,34310,27535,16929,0.15,0.14,90.4,19.3,0,1.05
2024-09-20,34674,28570,16544,0.15,0.14,91.6,32.0,0,1.1
2024-09-21,34155,29282,17073,0.155,0.14,92.4,24.1,1,1.05
2024-09-22,33750,27202,18326,0.156,0.14,91.0,0.0,0,1.05
2024-09-23,36067,28399,17837,0.151,0.14,94.5,37.2,0,1.1
2024-09-24,33590,28621,19198,0.152,0.14,93.5,26.1,0,1.05
2024-09-25,35702,29647,18639,0.151,0.14,96.4,0.0,0,1.05
2024-09-26,32953,27266,18925,0.151,0.14,90.9,6.3,0,1.05
2024-09-27,36934,29125,18301,0.151,0.14,96.9,31.6,0,1.1
2024-09-28,33560,27748,18821,0.156,0.14,92.0,23.2,0,1.05
2024-09-29,35152,28357,20150,0.157,0.14,96.1,21.5,0,1.05
2024-09-30,33455,29970,19383,0.152,0.14,95.1,22.3,0,1.05
2024-10-01,34365,28382,19168,0.152,0.14,94.1,21.9,0,1.0
2024-10-02,33297,28201,18851,0.151,0.14,92.3,11.4,0,1.0
2024-10-03,32808,27888,19745,0.152,0.14,92.4,14.4,0,1.0
2024-10-04,30774,28914,21686,0.153,0.14,93.4,0.0,1,1.0
2024-10-05,32919,27063,19208,0.157,0.14,90.9,19.0,0,1.0
2024-10-06,32306,29374,20834,0.158,0.14,94.7,9.2,0,1.0
2024-10-07,33281,28652,18187,0.151,0.14,92.0,10.4,0,1.0
2024-10-08,33444,27793,21257,0.153,0.14,94.7,2.2,0,1.0
2024-10-09,33484,27773,18857,0.151,0.14,92.0,8.0,0,1.0
2024-10-10,32604,28574,17846,0.151,0.14,90.7,8.8,0,1.0
2024-10-11,31301,27826,20545,0.152,0.14,91.5,7.8,1,1.0
2024-10-12,33851,29312,21280,0.158,0.14,97.0,0.0,1,1.0
2024-10-13,33547,28973,21103,0.158,0.14,96.0,5.9,0,1.0
2024-10-14,33801,28167,20188,0.152,0.14,94.3,10.2,0,1.0
2024-10-15,32587,29104,21346,0.153,0.14,95.3,8.5,0,1.0
2024-10-16,32193,28369,21665,0.153,0.14,94.4,12.6,0,1.0
2024-10-17,32407,27361,19636,0.152,0.14,91.2,0.0,0,1.0
2024-10-18,31010,27093,21916,0.153,0.14,91.9,0.0,0,1.0
2024-10-19,31729,27654,18516,0.156,0.14,89.4,11.5,0,1.0
2024-10-20,30577,26743,21864,0.158,0.14,90.9,7.2,0,1.0
2024-10-21,31998,26936,19819,0.152,0.14,90.4,19.4,0,1.0
2024-10-22,30222,27384,21426,0.153,0.14,90.7,4.0,0,1.0
2024-10-23,33040,29931,20570,0.152,0.14,95.9,13.1,0,1.0
2024-10-24,32577,30095,21803,0.153,0.14,97.0,5.3,0,1.0
2024-10-25,34625,29501,19787,0.152,0.14,96.3,13.6,0,1.0
2024-10-26,30292,26740,22353,0.158,0.14,91.1,23.7,0,1.0
2024-10-27,33527,28851,19168,0.157,0.14,93.6,16.9,0,1.0
2024-10-28,30957,28191,20081,0.152,0.14,91.0,4.3,0,1.0
2024-10-29,34236,30153,18947,0.151,0.14,95.7,7.3,0,1.0
2024-10-30,32559,29665,23431,0.154,0.14,98.3,14.4,0,1.0
2024-10-31,31897,26680,19712,0.152,0.14,89.9,14.4,0,1.0
2024-11-01,30570,28132,19715,0.152,0.14,90.0,11.7,0,1.0
2024-11-02,32644,28824,20924,0.158,0.14,94.6,8.7,1,1.0
2024-11-03,33076,30212,22705,0.159,0.14,98.7,3.6,0,1.0
2024-11-04,34061,29529,17610,0.151,0.14,93.2,11.3,0,1.0
2024-11-05,33332,29770,20662,0.152,0.14,96.2,0.0,0,1.0
2024-11-06,35393,29441,18873,0.151,0.14,96.1,4.0,0,1.0
2024-11-07,33875,29404,20484,0.152,0.14,96.2,13.8,0,1.0
2024-11-08,32346,28257,17423,0.15,0.14,89.6,13.9,1,1.0
2024-11-09,34296,30564,19202,0.157,0.14,96.5,4.6,0,1.0
2024-11-10,34206,28236,19307,0.157,0.14,93.9,5.4,0,1.0
2024-11-11,35003,29669,19868,0.152,0.14,97.1,4.5,0,1.0
2024-11-12,34942,29970,22183,0.153,0.14,100.0,13.7,0,1.0
2024-11-13,33634,29599,21694,0.153,0.14,97.5,0.6,0,1.0
2024-11-14,33735,28653,19329,0.152,0.14,93.8,9.8,0,1.0
2024-11-15,31567,28042,22273,0.153,0.14,94.0,17.7,0,1.0
2024-11-16,32794,29159,22028,0.158,0.14,96.4,17.2,0,1.0
2024-11-17,32362,27993,17963,0.156,0.14,89.9,11.3,0,1.0
2024-11-18,34281,30185,19363,0.152,0.14,96.3,10.0,0,1.0
2024-11-19,30999,27650,19698,0.152,0.14,90.0,22.5,0,1.0
2024-11-20,30916,27810,20595,0.152,0.14,91.1,25.3,0,1.0
2024-11-21,29993,27665,20979,0.153,0.14,90.3,11.2,0,1.0
2024-11-22,31565,27720,21662,0.153,0.14,92.9,21.8,0,1.0
2024-11-23,34385,28099,20014,0.157,0.14,94.7,19.5,0,1.0
2024-11-24,29527,27953,21114,0.158,0.14,90.2,13.6,0,1.0
2024-11-25,32710,30434,21068,0.153,0.14,96.7,3.8,0,1.0
2024-11-26,31372,26738,19810,0.152,0.14,89.5,0.0,0,1.0
2024-11-27,32302,26997,21266,0.153,0.14,92.5,6.4,0,1.0
2024-11-28,30801,27589,20816,0.152,0.14,90.9,0.0,0,1.0
2024-11-29,30324,28169,18964,0.151,0.14,88.9,0.0,0,1.0
2024-11-30,35349,28504,18480,0.156,0.14,94.5,11.0,0,1.0
2024-12-01,31066,26884,20372,0.157,0.14,89.9,0.0,0,1.0
2024-12-02,33187,28574,21006,0.153,0.14,95.0,0.3,0,1.0
2024-12-03,34583,28958,20140,0.152,0.14,96.1,2.4,0,1.0
2024-12-04,31379,28070,19482,0.152,0.14,90.6,2.2,0,1.0
2024-12-05,34233,27496,19071,0.151,0.14,92.8,1.9,0,1.0
2024-12-06,32686,28163,20978,0.153,0.14,94.0,4.4,0,1.0
2024-12-07,33188,28813,20485,0.157,0.14,94.7,3.0,0,1.0
2024-12-08,31453,27333,20086,0.157,0.14,90.6,3.1,0,1.0
2024-12-09,32314,29630,19384,0.152,0.14,93.4,3.4,0,1.0
2024-12-10,33107,28498,21599,0.153,0.14,95.5,0.8,0,1.0
2024-12-11,33059,28332,19223,0.152,0.14,92.6,0.9,0,1.0
2024-12-12,31187,27677,18348,0.151,0.14,88.7,1.4,0,1.0
2024-12-13,34298,30268,20051,0.152,0.14,97.2,2.5,0,1.0
2024-12-14,34278,30292,20992,0.158,0.14,98.2,0.0,0,1.0
2024-12-15,29865,27341,20457,0.157,0.14,89.2,3.1,1,1.0
2024-12-16,31451,28933,22063,0.153,0.14,94.7,4.8,0,1.0
2024-12-17,31191,27385,20319,0.152,0.14,90.6,1.8,0,1.0
2024-12-18,32534,26815,21294,0.153,0.14,92.6,0.9,0,1.0
2024-12-19,32024,27349,20642,0.152,0.14,91.9,4.2,0,1.0
2024-12-20,32594,27776,18710,0.151,0.14,90.8,2.3,0,1.0
2024-12-21,30619,27199,19688,0.157,0.14,89.0,2.4,0,1.0
2024-12-22,31624,29170,22350,0.158,0.14,95.5,1.0,0,1.0
2024-12-23,31244,27157,17096,0.15,0.14,86.7,4.0,0,1.0
2024-12-24,32168,28338,19647,0.152,0.14,92.0,0.0,0,1.0
2024-12-25,30428,26774,19622,0.152,0.14,88.2,0.2,0,1.0
2024-12-26,32076,30851,20789,0.152,0.14,96.1,3.2,0,1.0
2024-12-27,33161,27672,19234,0.152,0.14,91.9,1.6,0,1.0
2024-12-28,31559,28365,20165,0.157,0.14,92.0,3.0,0,1.0
2024-12-29,32821,27992,20026,0.157,0.14,92.8,2.6,0,1.0
2024-12-30,35298,29981,19898,0.152,0.14,97.8,0.9,0,1.0
2024-12-31,34104,27463,20540,0.152,0.14,94.3,0.4,0,1.0
2025-01-01,32793,27885,20336,0.152,0.14,93.0,2.3,0,1.0
2025-01-02,30987,28404,18540,0.151,0.14,89.5,0.8,0,1.0
2025-01-03,29506,26906,20060,0.152,0.14,87.8,4.3,0,1.0
2025-01-04,34760,29323,21081,0.158,0.14,97.8,6.2,1,1.0
2025-01-05,30203,28020,21145,0.158,0.14,91.1,4.4,0,1.0
2025-01-06,33401,29476,18940,0.151,0.14,93.9,4.8,0,1.0
2025-01-07,33484,26970,18945,0.151,0.14,91.2,1.2,0,1.0
2025-01-08,32988,28390,19537,0.152,0.14,92.9,0.0,0,1.0
2025-01-09,33162,29493,18182,0.151,0.14,92.8,0.2,0,1.0
2025-01-10,32677,29007,19450,0.152,0.14,93.2,3.9,0,1.0
2025-01-11,34343,28456,19223,0.157,0.14,94.2,4.5,0,1.0
2025-01-12,31883,28247,21618,0.158,0.14,93.9,0.0,0,1.0
2025-01-13,29059,27665,19480,0.152,0.14,87.5,3.0,0,1.0
2025-01-14,30400,26668,20551,0.152,0.14,89.1,2.1,0,1.0
2025-01-15,33527,30019,20542,0.152,0.14,96.5,4.7,0,1.0
2025-01-16,32617,29990,21387,0.153,0.14,96.4,4.5,0,1.0
2025-01-17,32403,28551,21222,0.153,0.14,94.4,1.4,0,1.0
2025-01-18,33160,27902,19938,0.157,0.14,93.0,6.1,0,1.0
2025-01-19,31145,26902,18529,0.156,0.14,87.9,0.4,0,1.0
2025-01-20,32186,28856,21875,0.153,0.14,95.2,3.4,0,1.0
2025-01-21,34118,28962,22158,0.153,0.14,97.9,3.1,0,1.0
2025-01-22,30623,27903,19997,0.152,0.14,90.2,5.8,0,1.0
2025-01-23,31837,27808,19686,0.152,0.14,91.1,0.3,0,1.0
2025-01-24,32346,28805,20545,0.152,0.14,93.8,2.8,0,1.0
2025-01-25,31169,26894,19913,0.157,0.14,89.5,0.0,1,1.0
2025-01-26,31478,27447,19163,0.156,0.14,89.7,0.4,0,1.0
2025-01-27,33168,28818,20118,0.152,0.14,94.3,0.9,0,1.0
2025-01-28,30364,27611,17571,0.151,0.14,86.7,2.0,0,1.0
2025-01-29,31634,27976,19781,0.152,0.14,91.2,4.0,0,1.0
2025-01-30,32876,29085,20580,0.152,0.14,94.8,3.5,0,1.0
2025-01-31,32448,28327,18338,0.151,0.14,90.8,2.8,0,1.0
2025-02-01,32547,28331,20311,0.157,0.14,93.2,1.9,0,1.0
2025-02-02,33837,29114,20791,0.157,0.14,96.1,1.3,0,1.0
2025-02-03,33860,27718,17199,0.15,0.14,90.4,3.2,0,1.0
2025-02-04,32211,28876,20899,0.153,0.14,94.1,2.8,0,1.0
2025-02-05,34381,29132,20248,0.152,0.14,96.2,4.4,0,1.0
2025-02-06,31498,27604,19472,0.152,0.14,90.2,1.6,0,1.0
2025-02-07,31392,27754,19666,0.152,0.14,90.5,0.2,0,1.0
2025-02-08,32106,27924,20177,0.157,0.14,92.1,0.0,0,1.0
2025-02-09,31286,25988,20286,0.157,0.14,89.1,0.0,0,1.0
2025-02-10,32351,29322,22063,0.153,0.14,96.1,2.0,0,1.0
2025-02-11,33253,29215,18253,0.151,0.14,92.7,1.6,0,1.0
2025-02-12,32490,27729,19782,0.152,0.14,91.9,4.8,0,1.0
2025-02-13,30750,25797,18399,0.151,0.14,86.1,0.0,0,1.0
2025-02-14,30649,26831,19148,0.151,0.14,88.0,3.8,0,1.0
2025-02-15,31875,27443,21264,0.158,0.14,92.5,1.1,0,1.0
2025-02-16,33258,28804,20712,0.157,0.14,95.0,3.0,0,1.0
2025-02-17,30106,28284,22134,0.153,0.14,92.5,0.0,0,1.0
2025-02-18,33137,28824,21147,0.153,0.14,95.4,4.9,0,1.0
2025-02-19,30436,27633,17785,0.151,0.14,87.1,0.6,0,1.0
2025-02-20,33961,29901,21066,0.153,0.14,97.5,1.6,0,1.0
2025-02-21,33485,29113,20552,0.152,0.14,95.5,0.4,0,1.0
2025-02-22,30455,27547,21526,0.158,0.14,91.3,2.6,0,1.0
2025-02-23,31132,27471,21096,0.158,0.14,91.5,4.0,1,1.0
2025-02-24,30401,26234,20900,0.153,0.14,89.0,2.5,0,1.0
2025-02-25,32164,28086,20524,0.152,0.14,92.7,0.0,0,1.0
2025-02-26,31517,28060,20135,0.152,0.14,91.5,0.2,0,1.0
2025-02-27,34355,29298,20751,0.152,0.14,96.9,2.4,0,1.0
2025-02-28,31849,27906,21423,0.153,0.14,93.2,5.1,0,1.0
2025-03-01,29309,29669,25521,0.16,0.14,88.2,0.4,0,0.9
2025-03-02,32497,30291,23729,0.159,0.14,90.3,4.0,0,0.9
2025-03-03,31675,31669,26962,0.156,0.14,94.3,2.0,0,0.9
2025-03-04,31849,31346,25632,0.155,0.14,92.7,4.0,1,0.9
2025-03-05,30480,30155,25060,0.155,0.14,89.4,4.4,0,0.9
2025-03-06,32621,29712,25140,0.155,0.14,91.3,11.3,0,0.9
2025-03-07,32375,31334,26772,0.156,0.14,94.4,10.7,0,0.9
2025-03-08,33740,31807,27345,0.161,0.14,97.0,0.4,0,0.9
2025-03-09,31169,30434,26603,0.161,0.14,92.1,2.1,0,0.9
2025-03-10,32808,33792,27309,0.156,0.14,98.0,10.7,0,0.9
2025-03-11,30111,30036,24832,0.155,0.14,88.7,5.4,0,0.9
2025-03-12,31809,32724,26868,0.156,0.14,95.4,4.7,0,0.9
2025-03-13,31977,31655,27166,0.156,0.14,94.8,0.4,0,0.9
2025-03-14,30790,30891,26659,0.156,0.14,92.2,3.9,0,0.9
2025-03-15,33928,33502,26421,0.161,0.14,98.0,7.3,0,0.9
2025-03-16,31398,31119,25348,0.16,0.14,91.7,4.1,0,0.9
2025-03-17,34258,32541,25725,0.155,0.14,96.6,3.0,1,0.9
2025-03-18,31025,29013,24261,0.155,0.14,88.0,5.0,0,0.9
2025-03-19,31094,30614,24831,0.155,0.14,90.3,0.0,0,0.9
2025-03-20,33258,31176,23937,0.154,0.14,92.2,8.8,0,0.9
2025-03-21,29746,29851,24017,0.154,0.14,87.3,2.8,0,0.9
2025-03-22,33436,32154,25151,0.16,0.14,94.7,6.6,0,0.9
2025-03-23,33540,30468,24716,0.16,0.14,92.6,3.8,0,0.9
2025-03-24,32274,32801,27736,0.157,0.14,96.9,3.0,0,0.9
2025-03-25,33280,30874,25573,0.155,0.14,93.7,0.3,0,0.9
2025-03-26,29450,29123,23086,0.154,0.14,85.2,2.5,0,0.9
2025-03-27,30168,29364,24934,0.155,0.14,88.2,4.6,1,0.9
2025-03-28,31015,30719,23952,0.154,0.14,89.4,9.0,0,0.9
2025-03-29,34553,33220,25718,0.16,0.14,97.6,8.7,0,0.9
2025-03-30,32405,32180,26998,0.161,0.14,95.6,0.0,0,0.9
2025-03-31,31632,31155,24091,0.154,0.14,90.7,4.6,0,0.9
2025-04-01,32804,30867,25177,0.155,0.14,92.7,10.7,0,0.9
2025-04-02,32245,30806,27277,0.156,0.14,94.3,8.2,0,0.9
2025-04-03,32787,33377,28217,0.157,0.14,98.5,7.3,0,0.9
2025-04-04,32894,31059,24457,0.155,0.14,92.3,5.6,0,0.9
2025-04-05,32308,31206,25343,0.16,0.14,92.7,8.4,0,0.9
2025-04-06,32754,30357,27031,0.161,0.14,94.1,3.6,0,0.9
2025-04-07,33853,30590,25652,0.155,0.14,94.0,1.4,0,0.9
2025-04-08,32764,32285,24600,0.155,0.14,93.6,7.4,0,0.9
2025-04-09,33384,34338,25711,0.155,0.14,97.5,10.5,0,0.9
2025-04-10,30418,28771,23925,0.154,0.14,86.8,7.0,0,0.9
2025-04-11,30509,31527,24689,0.155,0.14,90.5,5.5,0,0.9
2025-04-12,30817,31958,28482,0.162,0.14,95.3,0.0,0,0.9
2025-04-13,32075,30493,24961,0.16,0.14,91.4,5.9,1,0.9
2025-04-14,31608,31528,26999,0.156,0.14,94.1,12.6,0,0.9
2025-04-15,32368,30557,27257,0.156,0.14,94.1,15.6,0,0.9
2025-04-16,32753,30927,27239,0.156,0.14,94.9,4.0,0,0.9
2025-04-17,32486,30377,24298,0.155,0.14,91.0,6.5,0,0.9
2025-04-18,34067,30210,24568,0.155,0.14,92.7,3.9,0,0.9
2025-04-19,30658,29565,25650,0.16,0.14,89.6,1.1,1,0.9
2025-04-20,33757,31085,26562,0.161,0.14,95.4,12.4,0,0.9
2025-04-21,31035,30353,27386,0.156,0.14,92.7,12.5,0,0.9
2025-04-22,31555,30959,24605,0.155,0.14,90.9,5.9,0,0.9
2025-04-23,30981,30633,23950,0.154,0.14,89.3,2.9,0,0.9
2025-04-24,31763,31695,26771,0.156,0.14,94.2,5.6,0,0.9
2025-04-25,33027,31254,26857,0.156,0.14,95.1,6.5,0,0.9
2025-04-26,32546,31119,24752,0.16,0.14,92.3,9.8,0,0.9
2025-04-27,31998,31098,23796,0.159,0.14,90.7,4.4,0,0.9
2025-04-28,29900,30387,26785,0.156,0.14,90.9,8.3,0,0.9
2025-04-29,30701,30872,26818,0.156,0.14,92.3,5.6,0,0.9
2025-04-30,32363,30446,25411,0.155,0.14,92.1,4.4,0,0.9
2025-05-01,32070,30919,26252,0.156,0.14,93.1,4.5,0,0.9
2025-05-02,33257,31023,25048,0.155,0.14,93.2,9.4,0,0.9
2025-05-03,33052,31494,25752,0.16,0.14,94.3,6.7,0,0.9
2025-05-04,31562,29791,24780,0.16,0.14,89.9,10.9,0,0.9
2025-05-05,30505,29890,26908,0.156,0.14,91.1,5.4,0,0.9
2025-05-06,32930,32232,26483,0.156,0.14,95.7,11.4,0,0.9
2025-05-07,31235,30318,27008,0.156,0.14,92.4,10.2,0,0.9
2025-05-08,31983,29424,23293,0.154,0.14,88.4,12.2,0,0.9
2025-05-09,30533,30801,26843,0.156,0.14,92.0,5.4,0,0.9
2025-05-10,32851,31175,24678,0.16,0.14,92.6,3.6,0,0.9
2025-05-11,34796,31752,25424,0.16,0.14,96.0,12.7,0,0.9
2025-05-12,33108,31980,24017,0.154,0.14,93.0,5.0,1,0.9
2025-05-13,32096,29452,27429,0.156,0.14,92.9,6.6,0,0.9
2025-05-14,34157,33037,26613,0.156,0.14,97.9,8.5,0,0.9
2025-05-15,30818,30645,26155,0.156,0.14,91.5,0.0,0,0.9
2025-05-16,32354,30670,25450,0.155,0.14,92.3,10.0,0,0.9
2025-05-17,33299,31236,24887,0.16,0.14,93.3,0.0,0,0.9
2025-05-18,32762,30496,25132,0.16,0.14,92.3,4.8,0,0.9
2025-05-19,32006,30587,25104,0.155,0.14,91.5,3.6,0,0.9
2025-05-20,34155,31277,24548,0.155,0.14,93.9,6.0,0,0.9
2025-05-21,32995,31460,27467,0.156,0.14,95.9,2.1,0,0.9
2025-05-22,32390,31285,25242,0.155,0.14,92.8,4.3,0,0.9
2025-05-23,35414,33360,27030,0.156,0.14,100.0,0.0,0,0.9
2025-05-24,27707,29948,26943,0.161,0.14,88.3,10.4,0,0.9
2025-05-25,32038,30793,28005,0.162,0.14,94.8,0.0,0,0.9
2025-05-26,31893,28810,26595,0.156,0.14,91.1,6.4,0,0.9
2025-05-27,31656,31191,25510,0.155,0.14,92.2,3.7,0,0.9
2025-05-28,34472,31440,24791,0.155,0.14,94.7,6.2,0,0.9
2025-05-29,33220,33254,29179,0.158,0.14,99.8,14.0,0,0.9
2025-05-30,31923,32707,27856,0.157,0.14,96.5,6.0,0,0.9
2025-05-31,35390,32724,26538,0.161,0.14,98.8,6.6,0,0.9
2025-06-01,32509,27081,18327,0.156,0.14,89.5,4.4,0,1.0
2025-06-02,34917,29275,20376,0.152,0.14,97.1,23.6,0,1.0
2025-06-03,30938,28122,17906,0.151,0.14,88.4,20.3,0,1.0
2025-06-04,33935,28895,19400,0.152,0.14,94.4,20.7,0,1.0
2025-06-05,33795,29126,21800,0.153,0.14,97.3,11.6,0,1.0
2025-06-06,32228,28130,22068,0.153,0.14,94.6,16.2,0,1.0
2025-06-07,33203,27651,21434,0.158,0.14,94.5,19.4,0,1.0
2025-06-08,29974,26854,21819,0.158,0.14,90.3,29.4,0,1.0
2025-06-09,31714,27711,21309,0.153,0.14,92.7,0.0,0,1.0
2025-06-10,30442,26432,18576,0.151,0.14,86.6,6.8,0,1.0
2025-06-11,34267,29358,19916,0.152,0.14,95.9,31.6,0,1.05
2025-06-12,30928,28127,20225,0.152,0.14,91.0,21.5,0,1.0
2025-06-13,33347,27299,19808,0.152,0.14,92.4,5.2,0,1.0
2025-06-14,30980,27350,20890,0.158,0.14,91.0,16.2,0,1.0
2025-06-15,31835,28066,22935,0.159,0.14,95.1,10.3,0,1.0
2025-06-16,32913,27551,18201,0.151,0.14,90.3,8.6,0,1.0
2025-06-17,32319,29930,21378,0.153,0.14,96.0,15.9,0,1.0
2025-06-18,32429,27930,18245,0.151,0.14,90.3,2.8,0,1.0
2025-06-19,35041,28939,19372,0.152,0.14,95.7,14.0,0,1.0
2025-06-20,36233,30745,18212,0.151,0.14,97.8,30.8,0,1.05
2025-06-21,32973,28167,19029,0.156,0.14,92.0,0.0,0,1.0
2025-06-22,32729,30383,23839,0.159,0.14,99.8,23.2,0,1.0
2025-06-23,32207,27443,21473,0.153,0.14,93.1,0.0,0,1.0
2025-06-24,33369,28973,19486,0.152,0.14,94.0,14.0,0,1.0
2025-06-25,31799,28255,18789,0.151,0.14,90.5,23.1,0,1.0
2025-06-26,31375,25901,17210,0.15,0.14,85.5,37.2,0,1.05
2025-06-27,30786,27926,20860,0.153,0.14,91.4,2.6,0,1.0
2025-06-28,32935,29357,19852,0.157,0.14,94.3,15.0,0,1.0
2025-06-29,31737,27737,19496,0.157,0.14,90.7,23.0,0,1.0
2025-06-30,32303,27702,19381,0.152,0.14,91.1,15.9,0,1.0
2025-07-01,35259,28789,19093,0.151,0.14,95.5,25.1,0,1.05
2025-07-02,35701,29370,19121,0.151,0.14,96.7,6.0,1,1.05
2025-07-03,37260,29838,16364,0.15,0.14,95.8,30.8,0,1.1
2025-07-04,32526,27513,18682,0.151,0.14,90.4,23.5,0,1.05
2025-07-05,34280,29115,19893,0.157,0.14,95.6,25.4,0,1.05
2025-07-06,32542,28887,19422,0.157,0.14,92.8,27.8,0,1.05
2025-07-07,32883,25749,16570,0.15,0.14,86.3,16.5,0,1.05
2025-07-08,34230,28973,20202,0.152,0.14,95.8,10.1,0,1.05
2025-07-09,31700,26663,21374,0.153,0.14,91.6,21.0,0,1.05
2025-07-10,34116,27961,20304,0.152,0.14,94.6,30.0,0,1.05
2025-07-11,33161,28935,20209,0.152,0.14,94.5,16.6,0,1.05
2025-07-12,35946,28237,19897,0.157,0.14,96.5,17.9,1,1.05
2025-07-13,35132,29423,20354,0.157,0.14,97.5,24.8,0,1.05
2025-07-14,33428,27447,18487,0.151,0.14,91.1,21.2,0,1.05
2025-07-15,31041,27490,18984,0.151,0.14,89.0,8.4,1,1.05
2025-07-16,37216,29937,17500,0.151,0.14,97.2,27.5,0,1.05
2025-07-17,33586,27520,16871,0.15,0.14,89.5,14.2,0,1.05
2025-07-18,36465,29491,16260,0.15,0.14,94.4,8.5,0,1.05
2025-07-19,34105,29256,18981,0.156,0.14,94.5,28.5,0,1.05
2025-07-20,34011,28015,18761,0.156,0.14,92.8,22.0,0,1.05
2025-07-21,34592,27935,19918,0.152,0.14,94.7,11.5,0,1.05
2025-07-22,33614,28917,17492,0.15,0.14,91.9,15.4,0,1.05
2025-07-23,32386,27222,18889,0.151,0.14,90.1,24.0,0,1.05
2025-07-24,35707,27770,18930,0.151,0.14,94.6,34.7,0,1.1
2025-07-25,30990,27337,19138,0.151,0.14,88.9,10.4,0,1.05
2025-07-26,33993,27663,18573,0.156,0.14,92.1,25.0,0,1.05
2025-07-27,32734,28884,19198,0.157,0.14,92.8,26.6,0,1.05
2025-07-28,35090,27898,17288,0.15,0.14,92.2,14.3,0,1.05
2025-07-29,32551,28120,17982,0.151,0.14,90.3,23.5,0,1.05
2025-07-30,37237,29572,15274,0.149,0.14,94.2,39.7,0,1.1
2025-07-31,33583,28372,17604,0.151,0.14,91.3,19.5,0,1.05
2025-08-01,35807,29915,18412,0.151,0.14,96.6,30.9,0,1.1
2025-08-02,33465,28502,18238,0.156,0.14,92.1,22.2,0,1.05
2025-08-03,32921,26170,16856,0.155,0.14,87.2,2.8,0,1.05
2025-08-04,34556,28851,19118,0.151,0.14,94.8,23.7,0,1.05
2025-08-05,33809,29515,19558,0.152,0.14,95.2,22.3,0,1.05
2025-08-06,32673,28277,19263,0.152,0.14,92.1,19.2,0,1.05
2025-08-07,34282,26361,17177,0.15,0.14,89.4,27.0,0,1.05
2025-08-08,34247,27144,18117,0.151,0.14,91.3,27.9,0,1.05
2025-08-09,34548,29321,19373,0.157,0.14,95.6,20.1,0,1.05
2025-08-10,34509,27748,17960,0.156,0.14,92.1,14.0,0,1.05
2025-08-11,33320,27801,18145,0.151,0.14,91.0,17.5,0,1.05
2025-08-12,35152,28537,19483,0.152,0.14,95.5,14.3,0,1.05
2025-08-13,37524,28078,15366,0.149,0.14,93.0,32.3,0,1.1
2025-08-14,32230,27469,18478,0.151,0.14,89.8,15.4,0,1.05
2025-08-15,35404,28297,17323,0.15,0.14,93.0,21.4,0,1.05
2025-08-16,35228,30102,19093,0.156,0.14,96.9,24.2,0,1.05
2025-08-17,35237,29622,20925,0.158,0.14,98.5,8.4,0,1.05
2025-08-18,33179,26231,16311,0.15,0.14,86.9,20.7,0,1.05
2025-08-19,36253,30434,20253,0.152,0.14,99.8,8.3,0,1.05
2025-08-20,34958,30390,20161,0.152,0.14,98.2,15.5,0,1.05
2025-08-21,35136,27973,18973,0.151,0.14,94.2,6.4,0,1.05
2025-08-22,33815,28323,17451,0.15,0.14,91.4,4.6,0,1.05
2025-08-23,32463,29039,19342,0.157,0.14,92.8,5.5,0,1.05
2025-08-24,31666,25826,16106,0.155,0.14,84.5,0.0,0,1.05
2025-08-25,34944,29469,15565,0.149,0.14,91.8,37.5,0,1.1
2025-08-26,33516,28492,18391,0.151,0.14,92.3,3.8,0,1.05
2025-08-27,35110,28931,18413,0.151,0.14,94.7,42.2,0,1.1
2025-08-28,34612,27459,16830,0.15,0.14,90.6,22.5,0,1.05
2025-08-29,32942,27509,17520,0.151,0.14,89.5,16.8,0,1.05
2025-08-30,34725,27456,18910,0.156,0.14,93.1,11.4,1,1.05
2025-08-31,35795,29443,17671,0.156,0.14,95.2,7.4,0,1.05
2025-09-01,34057,28250,19348,0.152,0.14,93.8,28.6,0,1.05
2025-09-02,34546,28946,20459,0.152,0.14,96.4,29.0,0,1.05
2025-09-03,33406,28044,18287,0.151,0.14,91.6,5.6,0,1.05
2025-09-04,34763,28306,18637,0.151,0.14,93.8,17.1,0,1.05
2025-09-05,32507,27113,20153,0.152,0.14,91.6,21.3,0,1.05
2025-09-06,35253,29833,19160,0.156,0.14,96.7,16.0,0,1.05
2025-09-07,33357,28650,18891,0.156,0.14,92.9,29.6,0,1.05
2025-09-08,34996,28369,19644,0.152,0.14,95.3,15.4,0,1.05
2025-09-09,35174,28747,17370,0.15,0.14,93.3,27.2,1,1.05
2025-09-10,35477,30280,20761,0.152,0.14,99.3,0.0,0,1.05
2025-09-11,34390,28339,18320,0.151,0.14,93.1,35.9,0,1.1
2025-09-12,32787,28443,19458,0.152,0.14,92.6,21.3,0,1.05
2025-09-13,32662,28779,19646,0.157,0.14,93.1,12.1,0,1.05
2025-09-14,33593,28685,19057,0.156,0.14,93.4,0.0,0,1.05
2025-09-15,35257,28293,17704,0.151,0.14,93.3,11.3,0,1.05
2025-09-16,34008,27641,18382,0.151,0.14,91.9,25.8,0,1.05
2025-09-17,34718,29947,19680,0.152,0.14,96.8,5.0,0,1.05
2025-09-18,33217,28028,17228,0.15,0.14,90.1,27.8,0,1.05
2025-09-19,34784,28566,16987,0.15,0.14,92.2,8.2,0,1.05
2025-09-20,35694,28792,16581,0.155,0.14,93.1,33.6,0,1.1
2025-09-21,34853,29764,18426,0.156,0.14,95.3,0.0,0,1.05
2025-09-22,35238,28979,16692,0.15,0.14,92.9,32.1,0,1.1
2025-09-23,36062,27705,16433,0.15,0.14,92.1,47.6,0,1.1
2025-09-24,32786,27774,19629,0.152,0.14,92.1,12.7,0,1.05
2025-09-25,29919,26960,19026,0.151,0.14,87.2,24.9,0,1.05
2025-09-26,33544,28228,20210,0.152,0.14,94.1,19.0,0,1.05
2025-09-27,36223,28703,17777,0.156,0.14,95.0,12.6,0,1.05
2025-09-28,33983,28861,18938,0.156,0.14,93.9,6.1,0,1.05
2025-09-29,35286,27396,16032,0.15,0.14,90.4,33.2,0,1.1
2025-09-30,33226,27027,17275,0.15,0.14,89.0,19.7,0,1.05
2025-10-01,32117,26739,19397,0.152,0.14,89.8,15.5,0,1.0
2025-10-02,33131,29436,22324,0.153,0.14,97.5,10.3,0,1.0
2025-10-03,30949,27794,20548,0.152,0.14,91.0,18.1,1,1.0
2025-10-04,31654,27868,19172,0.157,0.14,90.4,8.8,0,1.0
2025-10-05,31309,28132,20173,0.157,0.14,91.4,0.0,0,1.0
2025-10-06,32259,28481,19642,0.152,0.14,92.3,24.0,0,1.0
2025-10-07,33522,29135,20821,0.152,0.14,95.8,15.2,0,1.0
2025-10-08,30242,27199,21392,0.153,0.14,90.5,3.7,0,1.0
2025-10-09,32504,28021,20379,0.152,0.14,92.9,11.1,0,1.0
2025-10-10,36337,30170,17776,0.151,0.14,96.8,10.3,0,1.0
2025-10-11,30079,27659,20610,0.157,0.14,90.0,6.4,1,1.0
2025-10-12,32303,28671,21628,0.158,0.14,94.8,13.5,0,1.0
2025-10-13,32970,29887,21731,0.153,0.14,97.1,16.0,0,1.0
2025-10-14,33121,28563,20621,0.152,0.14,94.5,7.5,0,1.0
2025-10-15,32249,28226,22186,0.153,0.14,94.9,11.4,0,1.0
2025-10-16,31471,27212,20598,0.152,0.14,91.0,10.0,0,1.0
2025-10-17,32642,28313,21621,0.153,0.14,94.8,14.0,0,1.0
2025-10-18,31071,28280,20485,0.157,0.14,91.7,12.3,0,1.0
2025-10-19,31048,28328,19470,0.157,0.14,90.5,11.6,0,1.0
2025-10-20,32874,28474,21889,0.153,0.14,95.6,10.7,0,1.0
2025-10-21,35435,29712,19229,0.152,0.14,96.9,18.1,0,1.0
2025-10-22,33422,29189,19340,0.152,0.14,94.1,3.2,0,1.0
2025-10-23,33311,26982,20332,0.152,0.14,92.6,2.3,0,1.0
2025-10-24,32530,28622,21078,0.153,0.14,94.4,15.8,0,1.0
2025-10-25,34678,28649,20885,0.158,0.14,96.7,10.0,0,1.0
2025-10-26,32382,29910,21841,0.158,0.14,96.6,23.2,0,1.0
2025-10-27,33090,29467,19576,0.152,0.14,94.3,7.7,0,1.0
2025-10-28,34151,29077,19521,0.152,0.14,95.0,4.5,0,1.0
2025-10-29,32610,28216,21486,0.153,0.14,94.5,9.7,0,1.0
2025-10-30,31676,28456,19841,0.152,0.14,91.8,14.8,0,1.0
2025-10-31,33273,30227,20424,0.152,0.14,96.4,4.4,0,1.0
2025-11-01,31668,28984,23766,0.159,0.14,96.9,6.7,0,1.0
2025-11-02,32901,27192,21209,0.158,0.14,93.3,18.3,0,1.0
2025-11-03,31532,27626,19331,0.152,0.14,90.1,4.4,0,1.0
2025-11-04,32660,29772,18748,0.151,0.14,93.2,8.7,0,1.0
2025-11-05,31318,26791,22303,0.153,0.14,92.3,6.0,0,1.0
2025-11-06,35683,29966,21446,0.153,0.14,100.0,14.3,0,1.0
2025-11-07,30066,26656,20723,0.152,0.14,88.9,9.0,0,1.0
2025-11-08,32184,28714,21375,0.158,0.14,94.5,16.3,0,1.0
2025-11-09,32152,28622,20968,0.158,0.14,93.9,10.3,0,1.0
